titles,category
러 돈바스 요충지 세베로도네츠크 무차별 폭격함락 위기,World
쉽지 않다 발언 일주일 만에리커창 년보다 어렵다,World
병합작업 시작우크라 점령지역서 여권시민권 쥐어주는 러시아,World
이재용 만나고 다보스 간  상무장관 반도체 미국서 만들어야,World
 관영  미사일 발사 두둔 한반도 긴장 고조 시킨 결과,World
푸틴 신임 비상사태부 장관에 전 경호원 지명얼굴 없는 남성,World
우크라 키신저 영토 포기 제안 절대 불가유럽 내 논란 확산,World
대폭락 사태 테라 으로 부활이르면 일부터 가동,World
러 제재 풀면 우크라 곡물 수출길 열어줄 것,World
권도형 테라 발행에 회의적인 해외 전문가들신뢰 회복 어렵다,World
미국 총기 대 고질병세계 최다소지대규모 사망개혁불능,World
옛날같지 않네글로벌 자동차  전기차 시장서 밀려나,World
영토양보론에 분노한 젤렌스키 년 히틀러 달랠때나 나오던 제안,World
다보스서 세계 식량 위기 잇단 우려년까지 지속될 수도,World
토하고 벽엔 와인칠총리실 봉쇄령때 툭하면 새벽 술판,World
지구촌 돋보기 월인데 벌써 도사상 최악의 폭염 지구촌 강타,World
 러 채무상환 유예기간 종료러시아 디폴트 임박,World
베이징대 이어 사범대에서도 집에 가게 해달라 수백명 시위,World
한국 이야기의 힘세계가 놀랐다,World
코로나 백신 롱 코비드 증상 예방 효과 그닥 없다연구,World
아이폰 프로 올가을 퍼플로 돌아온다,World
유엔안보리 일 추가 대북 제재 표결중러는 반대 시사종합,World
양자컴퓨팅의 중심  왓슨연구소를 가다,World
  안보리 수일 내 추가 대북제재안 표결중러 거부권 행사 우려,World
 화이자 원숭이 두창 큰 걱정 아니야팬데믹과 달라,World
미국 경제가 바나나에깊어지는 경기침체 논란영상,World
최대 가맹점과 계약 갱신 없다러시아 떠나는 나이키,World
살이에요  네팔 소년 기네스북 등재,World
영상 젤렌스키 일부 유럽 영토 양보 종용주권 영토 도 거래 없다 나우어스,World
가성비 떨어지는 제재 보다 실효성 높은 가지 북핵 해법,World
안보리 추가 대북제재안 일 표결중러 거부권 행사할듯종합보,World
세베로도네츠크 제 마리우폴 위기지구서 없애려는듯 폭격종합,World
팬데믹우크라이나 전쟁으로 부의 불평등 심화,World
인플레 압박에 민심 달래기 나선 푸틴최저임금연금  인상,World
팔레스타인 동예루살렘의 이스라엘 국기행진 취소 요구,World
인플레 강조한 연준 두번 더 빅스텝 간다 금리인상 시사,World
우크라  혁명적 결정하지만나토는 아무것도 안해,World
 연준 번 더  인상중립금리 이상 인상 시사,World
스웨덴핀란드 만난 터키 나토 가입 긍정 신호돌파구는 없어종합보,World
러 우크라 돈바스 점령 위해 총공세인도적 지원민간인 대피로 차단될 수도,World
푸틴 우크라 점령지에 러 시민권 발급 신속법안 서명,World
중동 모래폭풍 탓 연간 조원 손실더 심해지는 추세,World
원숭이두창 전세계 확산하는데대 이상은 안전하다 근거는,World
푸틴 몰아내자러 내부서 후계자 찾기 시작,World
세계은행 경고 우크라 전쟁 전 세계 불황 방아쇠 될 수도,World
푸틴 우크라전서 부상 입은 러시아군 위문 그들은 모두 영웅 뉴시스,World
 권도형 테라 추진하지만 시장 신뢰회복 힘들 것,World
군사대국화 선언한 독일 우크라 방공전차 약속했으나 포탄 부족으로 지연,World
오늘아침세계는 러시아군 동부 요충지 세베로도네츠크 외곽까지 진격,World
러 돈바스 요충지 세베로도네츠크 외곽까지 진격,World
권도형 새 루나 나온다기존 보유자에게 새 루나 토큰 나눠줄 것,World
러시아 우크라이나 동부 루한스크 포위 치열한 공방전,World
경제 잘 돌아가연금 최저 임금 모두  올려라 푸틴 통큰 결단,World
코로나 봉쇄 중 술 마시고 토하고  파티게이트 보고서 공개,World
잘나가던 엔비디아 분기 실적 악화 전망에 주가  급락,World
지금이 세기냐 우크라 키신저의 영토 양보 제안 거부,World
맥도날드스타벅스 이어 나이키도기업들 줄줄이 탈 러시아,World
미 전략적 인내 회귀하나인도적 지원은 불변,World
러 점령지 마리우폴에 여권 발급 시작사실상 합병,World
미국 수일 내 안보리 추가 대북 제재안 표결 추진중러 거부권 행사 가능성,World
 남태평양으로 세력 확대 도모 조급성급한 협상 우려종합,World
화이자 회장 원숭이두창 걱정 안해저소득국에 백신 값 인하,World
 영변 핵시설 가동 확장 정황 안보리 수일내 추가 대북제재 표결,World
테라 테라  곧 온다새 루나블록체인 부활시킬 것,World
 의사록 금리인상 속도 가속 예고 글로벌 이슈,World
일본 기둥이 흔들린다년 자동차 시장 반토막 정영효의 일본산업 분석,World
세계은행 총재 우크라 전쟁 전 세계 불황 방아쇠 될 수도,World
미 연준 두어 번 더  금리 인상해야긴축정책 필요,World
 태평양 국가와 안보어업 등 포괄적 협정 추진 경계,World
전쟁중국 탓 엔비디아기업 실적도 둔화 신호 조재길의 글로벌마켓나우,World
미 대북 제재안 안보리 표결 추진러중 반대시 물거품,World
주지사 후보간 정치 격론장 될 뻔한 텍사스 총격사건 기자회견,World
우크라 나토 아무것도 하지 않아 는 획기적 결정 중,World
코로나봉쇄 중 술판 벌여 싸우고 토하고 파티게이트 진상 보고서,World
화이자  원숭이두창 큰 걱정 안 해팬데믹 가능성 낮아,World
러 대러제재 일부 해제시 흑해 항구봉쇄 풀 것협상 가능성 시사,World
 며칠 이내 유엔 안보리 제재안 표결 추진종합,World
우크라 푸틴의 점령지 러 여권 배포는 불법이며 무효,World
 안보리 수일 내 추가 제재안 표결중러 거부 예상,World
나이키마저 러시아 철수러 최대 가맹점과 계약 갱신 안 해,World
나이키마저 러시아 철수러 최대 가맹점과 계약 갱신 안 해,World
코로나 잠잠해지자 런치플레이션 나타나고 있다,World
 유엔 안보리 수일 내 대북제재 표결중러는 반대,World
러시아 점령한 마리우폴 주민에 러 여권 발급 시작,World
투데이 와글와글 물  섞인 맹물 휘발유 주입,World
년 만에 처음인데곳곳에서 무시당하는 러시아 국가부도 정인설의 워싱턴나우,World
  남태평양 영향력 확대 시도에 모호하고 수상쩍은 거래,World
서방 제재 받는 러시아이란 우리끼리 에너지 교환할까,World
엔비디아 시간외서  스냅처럼 월가에 충격주나종합,World
술잔 든 영국 총리파티 게이트 보고서 발표,World
 안보리 수일 내 추가 대북제재안 표결중러 거부할 듯종합,World
 연준 월 계속 빅스텝중립금리 넘는 인상도 시사,World
새로운 것 없는 월 의사록단 연말월 정책재평가 가능 김영필의 분 월스트리트,World
연준 의사록 공개두어 번 더  인상,World
바이든  떠나자마자 카디즈 진입 영상 공개한 ,World
뉴욕증시  의사록에 안도나스닥 ,World
푸틴 절친 조원 묶였다러 재벌 역외재산 동결,World
러 동부 돈바스 전선 진격우크라이나 상황 어려워,World
옛날에 좋았잖아총리 바뀌자 앙숙 호주에 손 내미는 중국,World
테슬라 니콜라  전기차주 일제 랠리종합,World
캐시 우드 저가매수새로운 배터리 개발 테슬라 상보,World
영상 나토 우려만 표할 뿐 아무것도 안해우크라 외무 작심 비판 나우어스,World
푸틴 최저 임금연금 등  대폭 인상 지시내부 달래기,World
애플워치 분실 몇시간만 만원 카드값 청구무슨일이,World
연준 의사록 별 것 없다나스닥  데일리 국제금융시장,World
우크라 곧 차 대전 푸틴 꺾어야 문명 지켜,World
바이든 보란듯 시진핑 미일회담 날에 열도 코앞서 해양굴기,World
우크라에 묶인 곡물 만 러 수출 풀 테니 제재 풀어라,World
한미일 공조에 북중러 맞불 깊어가는 신냉전시대,World
우크라전 일러 돈바스 요충지 외곽까지 진격,World
미궁 빠진 우크라 출구폴란드 도 안돼   잘못된 목표,World
스웨덴핀란드 대표단 터키와 나토가입 논의종합,World
건강 이상설에 내부 불만까지 포스트 푸틴 논의하는 러시아,World
젤렌스키 러 국민 무비자 여행 금지할 것,World
러 돈바스 요충지 세베로도네츠크 외곽까지 진격,World
텍사스 초등학교 총기 참사에도  의회 총기규제 입법 난망,World
 카디즈 무단침범 영상 공개 한미일에 무력시위 부각,World
화력 쏟아붓는 러시아 돈바스 완전장악 총력,World
힘 빠지는 트럼프 공화당 차기 대선주자 대리전서 완패,World
우크라 외무 나토 아무것도 하지 않고 있다 비판,World
 채무 상환 유예조치 종료에 러 루블화로 계속 변제,World
부패 내세운 세 콜롬비아 트럼프 대선서 깜짝 선전할까,World
푸틴 물가상승 불만 잠재우려 최저임금연금  인상,World
대만 언론  대만 침공 위한 전시 동원령 극비 논의했다,World
바이든 귀국길 에어포스원서 미사일 보고받아,World
미국 초등학교서 최악 총기난사어린이 명 등 명 희생,World
  바이든 순방 직후 도발에도 코로나 등 원조 지지종합,World
러 동부 돈바스 전선 진격우크라 고군분투,World
푸틴 우크라 사태 속 최저 임금연금 등  대폭 인상 지시,World
우크라 외무 나토 말 그대로 아무 것도 하지 않았다 비판,World
트럼프가 지지한 후보 잇단 패배트럼프공화 킹메이커 흔들,World
 원숭이두창 과민 반응 말라은 이미 백신 만회 주문 완료,World
영국 총리실 봉쇄 중 새벽까지 엉망진창 술판싸우고 토하고,World
테라  결국 나온다이르면 일 가동 전망,World
소로스 차 대전 경고푸틴 꺾어야 문명 지킨다,World
소말리아 기아 확산에 아기들 죽어나가기 시작,World
스웨덴핀란드 대표단 터키와 나토가입 논의오해 해소 희망,World
군사개입 발언은 뒤집었지만대만 군사력 강화 속도 내는 ,World
대폭락 테라 테라 으로 부활할듯이르면 일 가동 전망,World
소로스 차 세계대전 경고 문명 지키려면 푸틴 꺾어야,World
더 강경해진 바이든 대북노선전략적 인내 으로 가나,World
우크라 러 흑해 봉쇄 해제 제안에 세계 협박하려 해 비난,World
속보 원숭이두창 대량 백신접종 필요 없어,World
 대중 압박에 연일 반발 발사한 북한은 끌어 안기,World
 채무 상환 유예 연장 거부러 루블로 계속 갚겠다상보,World
러시아  외채 상환 차단에 루블화로 내겠다 주장,World
러군 세베로도네츠크 진격 강화우크라 매우 어려운 상황,World
러시아 군 복무 연령 제한 폐지세 이상도 허용,World
결국 달러 상환 막은 러 년 만에 디폴트 위기 몰렸다,World
러 우크라에 피난길 제공 가능단 일부 제재 풀어 줘야,World
텍사스 초교서 또 총기 난사 올해  학교서만 차례,World
푸틴 러시아군 장악 지역 러 국적 취득 간소화 명령,World
 카디즈 진입 중러 훈련 영상 공개정세와 무관 주장,World
바이든 동북아 순방 후  왕이 태평양 국 간다,World
트럼프 조지아주서 참패공화당 경선서 미는 후보들 참패,World
미국의 하나의 중국 정책 원래 대만 주권 인정,World
헤지펀드 전설의 경고푸틴 패배시켜야 차 대전 시작될수도,World
 방공식별구역 침입 영상 공개한 정세 무관 주장,World
러 곡물 수출 선박 우크라 출항 허용 가능단 일부 제재 해제 조건,World
러 의 외채 원리금 상환 차단에 루블화로 변제 거듭 주장종합,World
러 곡물 수출 선박 우크라 출항 허용 가능단 일부 제재 해제 조건,World
러 의 외채 원리금 상환 차단에 루블화로 변제 거듭 주장종합,World
러 식량도 무기화군함 보내 호위해야,World
나이키도 결국러시아 시장에서 발 뺀다,World
푸틴 우크라 러군 점령지 주민의 러시아 시민권 취득 쉽게 한다,World
러시아 후계자 논의도크렘린 푸틴 기류 스물스물,World
이탈리아 우크라이나 지원보다 휴전해야 결속 또 삐걱,World
  도발 규탄공조 확인바이든 공군호기서 보고받아,World
푸틴 러시아군 장악 우크라 지역 주민의 러 국적 취득 간소화,World
외신들 바이든  도착도 전에 미사일 도발,World
우리 방공식별구역 침범한 중러영상 이례적으로 공개,World
러 우크라 침공 차 대전의 시작일 수도푸틴 빨리 패배시켜 문명의 종말 막아야,World
달라진 한국 영화 위상에 격세지감,World
러시아 의 채무 상환길 차단에 루블화로 내겠다,World
외신들 바이든  도착도 전에 미사일 도발우연 아냐종합,World
남아공 원숭이두창 코로나 같은 폭증 없을 듯대규모 백신접종 불요,World
젤렌스키 러시아군 침공 전 상태로 철수해야 협상 가능,World
나이키도 러시아 철수최대 가맹점과 계약 갱신 안해,World
빼앗긴 땅  탈환우크라군은 북진중,World
러시아 의 채무 상환길 차단에 루블화로 내겠다,World
러시아 의 채무 상환길 차단에 루블화로 내겠다,World
러시아 군 복무 연령 상한 폐지 법안 의회 통과장기전 대비하나,World
중러의 반격 카디즈 진입 군용기 영상 이례적 공개,World
거길 왜 가냐 비판에도 중국 간 유엔 인권 대표시진핑 환대 받았다,World
쿼드와 중러 연대그리고 한반도는,World
미국 규탄과 무시 전략핵실험엔 어떤 대응할까,World
필리핀 의회 독재자 마르코스 대통령 당선인으로 공식 인정,World
바이든에 숙원 과제 지지 얻어낸 일본의 모순 역사로 보는 오늘의 이슈,World
러 기자 자랑질에 박격포 위치 노출우크라 감사 바로 폭파,World
중국 카디즈 진입 영상 공개대중국 견제에 경고,World
지대지 미사일 발사전투기 출격한미 동시 맞대응,World
한국 이야기의 힘세계가 놀랐다,World
영 첼시 클럽 인수완료 아브라모비치 한푼 이득 못봐,World
러 식량도 무기화군함 보내 호위해야,World
맥도날드스벅 빠진 러나이키도 떠난다,World
리포트 중국 방공식별구역 진입 훈련 영상 공개,World
바이든 대중 총공세 맞서 옛친구에 편지 보낸 시진핑,World
 새정부 징벌관세 없애야   상호이익 존중해야 팽팽종합,World
뉴있저 북한 바이든 순방 이후  도발차 핵실험도 임박,World
완전 수복 무리  영토 도 불허,World
 피격 사망 알자지라 기자 이스라엘군이 조준 사격종합,World
포착 쾅 러 자포리자 민간 쇼핑몰 폭격사상자 발생 영상,World
러시아 마리우폴 해방시켰다항구 정상 가동 시작,World
태평양 섬나라에 공들이는 중국우군확보대만고립군사거점종합,World
건강 이상설 푸틴 또 이상 행동이번엔 왼발 꼼지락,World
박에 만원바이든이 묵었다는 호텔은 어디,World
러 침공초부터 흑해 상선 통제러 해군 정황 담긴 기밀 공개,World
 서밋 년 역사 대형병원도 클라우드로글로벌 질병 지도 만든다,World
 사상 최악의 폭염 지구촌 강타전력식량 모두 비상,World
미 육군 남부군 이름 딴 기지명 변경,World
슈뢰더 전 독일 총리 가스프롬 이사직 안 맡는다,World
러의  해상 봉쇄 억명 먹일 곡물 수출길 막아버렸다,World
우크라 침공 일째 돈바스 차대전 후 최대 격전 중,World
영상 별다방도 사라지고스타벅스 년만에 러시아 떠난다,World
귀국 앞둔 이근이 에 살아 있어 미안하다고 적은 이유는,World
살에 성장 멈춰 키 세계서 가장 작은 네팔 대 소년,World
호주 정권교체 불구 에 강경 목소리 변한 건 중국,World
일본 마지막 자부심마저년 판매 반토막 경고,World
러 식량 공급도 무기화우크라 곡물 반출 안간힘,World
러 마리우폴 항구 해방정상 가동 시작 주장,World
러 식량 공급도 무기화우크라 곡물 반출 안간힘,World
러 마리우폴 항구 해방정상 가동 시작 주장,World
 솔로몬 이어 남태평양 지역 전반 안보협정 모색,World
러 무력시위 도발에  반응은 규탄차분하되 단호한 대응,World
러 포스트 푸틴 준비하나크렘린궁 내부서 후계자 논의,World
 일본대사관 인자 초치미일회담서 잘못된 언행,World
젤렌스키 러 침공 전 상태로 되돌리고 휴전협상에 임할 것,World
 초등학교서 또 총기 난사역대 최악의 참사,World
식량위기 보호무역주의 촉발해 무역전쟁 야기할 수도,World
스텔란티스  년까지 전기차 원자재 부족할 것,World
 일본 외교관 초치에 해공군 훈련도 공개바이든 순방에 신경질적 반응,World
우크라전 일 러 만명 전사아프간전 년 손실 능가,World
미국 금리 인상에 과열 집값 잡힐까신규주택 판매는 급감,World
맨유는 쓰레기   황당한 자막 방송사고팬들 반응은,World
 카디즈 무단 침범 영상 공개하며 무력시위 부각,World
자전거 타고 유세 따라다니다 선물 받은 청년 그 사연은,World
전기차 원자재 최장 년까지 부족할 듯,World
점심값기름값보육비 안 오른 게 없다미국 직장인들의 런치플레이션 고민,World
단독 인터뷰 에스퍼 전 국방장관 트럼프 재집권하면 주한미군 철수 가능성,World
중국 인도 국경분쟁 지역서 다리 건설인도 불법 건설 반발,World
 맨유는 쓰레기 자막 실수에맨유팬들 의외의 반응,World
태평양 섬나라에 공들이는 중국우군확보대만고립군사거점,World
스텔란티스  전기차 원자재 년까지 부족할듯,World
 인태 규합 쉽지 않았다통상러시아 놓고 불협화음,World
집행위원장 러 석유 금수 몇 주 내 합의다음주는 아냐,World
연말 세계 기아 인구 억 예상러 제재 풀면 흑해 봉쇄 푼다,World
여름방학 성수기 시작도 전에 불황으로 끝나나,World
 맨유는 쓰레기  생방 중 나온 자막팬들 반응은 반전,World
중 하나의 중국 원칙과 미 하나의 중국 정책의 간극,World
머스크 테슬라 주가 폭락으로 재산 조원 증발,World
바이든 방일 후 거칠어지는  초치하고 군사활동,World
총 반납하면 주유권 준다했더니서 분만에 행사 끝,World
다보스포럼 뒤덮은 전쟁 걱정푸틴 식량위기 이용 말라,World
점심시간이 두려운  직장인들런치플레이션이 뭐길래,World
아르헨티나서 발견된 화석 역대 최대 크기 익룡죽음의 용 명명,World
올리면 침체 내리면 전력난 전기요금의 딜레마 강현우의 중국주식 분석,World
바이든은 반중연대 패키지 잡고 돌아갔다 한반도에 남은 것은,World
미국이 이끄는 반중연대  실패할 것  자신감 근거는,World
쿼드가 활동 막겠다고 한 중국 해양민병대의 정체는 뉴스,World
다보스 뒤덮은 우크라 이슈조지 소로스 차 세계대전의 시작일 수도,World
러시아군 돈바스 완전 장악 위해 총력전,World
귀국 밝힌 이근 욕 했냐 살아서 미안 영상 업로드 영상,World
미국 일 새 중국 정책 발표 중국 견제 본격화,World
러 비우호 서방언론에 재갈검찰에 외신 지부 인가 취소권,World
소로스  키신저 러우크라 전쟁 출구전략 어떻게,World
살라가 뭐 줘 득점왕 위해 뭉친 동료들,World
모국 부끄러워우크라 침공 개월 러 외교관국영도 쓴소리,World
대만 군사개입 발언 주워담기 논란 속  바이든이 옳다,World
 세대도 벼락거지월급은 그대론데 집값 고공행진,World
쿼드  해상민병대인공섬 문제 제기 근거없는 비난,World
러시아 유럽 접근 막히자 극동지역 물류 통로 확대,World
금리 올려도 집값 상승 전망에 고민 깊어지는  연준,World
수제 화승총이 화력의 전부 미얀마 시민군 장마철 시작 무기 지원 절실 호소,World
덴마크 하푼 미사일 제공우크라 곡물 수출 재개 가능할 수도 ,World
에스퍼 동북아는 최대 화약고한미일 협력 에 대응해야,World
러시아 기자 땡큐우크라 위치 노출된 러 박격포 폭파,World
흑해 봉쇄 풀어라덴마크 우크라에 대함 미사일 제공,World
러 끌려간 아조우스탈 사령관 아직은 유엔적십자사가 통제중,World
스텔란티스  전기차 배터리원자재 몇 년 내 부족,World
좌석 뜯어 팔더니 항공기까지 통째 내놨다눈물의 땡처리,World
영상 별들의 무덤된 우크라전직 장군 탑승 러 전투기 격추 나우어스,World
 저가공세 나선 러시아밀월관계 이란과 멀어지나,World
바이든 떠난 직후 미사일 쏜  한국 일본에 대한 방위공약 철통같아,World
 맨유는 쓰레기 자막 실수에축구 팬들 의외의 반응,World
중러 쿼드 겨냥 까불지 말라상공에 전략폭격기 띄웠다 영상,World
한반도 평화 해법 없이 미국 전략에 동참 선언한 정상회담,World
원숭이두창 개국서 발생 억제 가능 과민반응 자제를,World
북한 차 핵실험 임박했다대통령실 핵기폭장치 작동 시험 탐지,World
미국  원숭이두창 공기 전파 안돼코로나 아니다,World
푸틴 건강 이상설 사실이었나러시아 크렘린궁 초비상,World
러시아 대 퇴역 공군 소장 사망우크라 사살 조종사 중 최고위,World
 미일정상회담 날에  열도 인근서 훈련에 경고종합,World
 러시아 채권 상환통로 결국 차단이르면 월 일 디폴트,World
돈바스 교전 격화우크라 운명이 동부에서 지금 결정되는 중,World
자막뉴스 미국도 감당하기 힘든 대가중국의 경고,World
바이든 오늘 새 중국정책 내용중 깜짝발표는 없을듯,World
줌인 중국은 어떻게 아프리카의 패권국가가 됐나,World
미 새 중국 정책 일 발표대만 문제 입장 주목,World
헝가리 총리 국가 비상사태 선포 초법적 권한 행사 예고,World
삼성스텔란티스 조 투자해 인디애나에 배터리 합작공장,World
연임 성공 헝가리 총리 갑자기 국가비상사태 선포왜,World
일본 방위상 마음에 꺼림칙해서 중러 비행 비난 환추스바오,World
영상 최초 공개 제공 만원 우크라 자폭 드론 억 러 탱크 잡아 나우어스,World
러 크렘린궁 내부에서 푸틴 퇴진 이후 문제 논의,World
대만 군사개입 돌직구에 바이든 예스회견장이 술렁거렸다,World
박 천만원 바이든 묵은 호텔특별 서비스 없었다 왜,World
원숭이두창 확산일로 과민반응 말라,World
푸틴 건강이상설에푸틴 후계자 찾는 크렘린궁 누가 대체할지 논의 중,World
러 월일 디폴트 가능성투자자 줄소송에 경제도  위축 전망,World
크렘린궁 내부 건강 이상설 푸틴 대체할 후계자 논의 중,World
국제기구 고위 관료들 러시아 식량 무기화 일제히 성토해결 방안은,World
중러 폭격기 쿼드 당일 상공서 포착 긴장 고조 안돼 반발,World
올 겨울 천연가스 대란 우려아시아유럽 확보경쟁,World
헝가리 총리 연임 직후 비상사태 선포우크라 전쟁 때문,World
러시아 독립 언론 정권 내부에서 푸틴 후계자 논의,World
부동산 침체 지속 중국 미분양 물량 년만에 최고,World
 미사일 도발 규탄대화 촉구바이든 귀국길에 보고받아종합,World
격분한 바이든 총기난사 지긋지긋 유권자가 심판해야,World
바이든 지지율 왜 이러나선거 앞두고  또 최저치,World
박지성 뛴 전설팀 무슨 일맨유 쓰레기  최악 방송사고,World
스타벅스 유기농 주스 브랜드 매각커피에 집중,World
 해군력 강화항모 대만해협 접근 차단 목표,World
영국령 저지아일랜드 러 부호 아브라모비치 재산 조원 가량 동결,World
 쿼드 맞불 태평양 개국 방문타이완 문제 불장난 말라,World
한국 반도체로   시동자유무역서 가치동맹으로,World
우크라 전쟁 석달 러 에너지 이어 식량 무기화,World
억짜리 년형 벤츠전세계서 제일 비싼 차,World
도 독한 술 마오타이 넣은 달콤한 아이스크림 나왔다,World
푸틴 우크라서 장기전 대비목표 달성까지 공세,World
중국 외교부장 남태평양 개국 순방미 대중국 봉쇄 돌파 시도,World
젤렌스키 러 의도적 공격지연은 허구,World
미 중간선거 앞둔 바이든 지지율 또 역대 최저,World
김치 냄새 부끄러웠는데뉴욕 김치의 날에 박수 터졌다르포,World
푸틴 건강 이상설 속 크렘린궁 내부 푸틴 후계자 논의,World
 원숭이두창 코로나와 달라공기전파 가능성 낮아,World
필리핀도 원전으로 기우나두테르테 차기 정부 가동 검토해야,World
우크라 차 세계대전의 시작일 수도소로스의 섬뜩한 경고,World
돈바스 교전 격화러 최후 공세일 수도시간은 우크라 편,World
영상 새 중국정책 발표바이든이 군사개입 언급한 대만 문제 주목,World
젤렌스키 우크라 나토 가입했으면 러 침략 없었을 것,World
키신저 러에 영토 일부 넘겨야 전쟁 끝나우크라 절대 불가,World
영상  카디즈 진입 중러훈련 영상 이례적 공개바이든에 노골적 무력 시위 나우어스,World
친푸틴 기자 자랑하다 실수로 러 박격포 위치 노출우크라 바로 폭파,World
중 미국 앞마당 남태평양 가는 날 미는 새 대중 정책 발표,World
테슬라 전고점에서 반토막 머스크 억달러 클럽 탈락,World
학생들 알몸사진 장 찍은 소아성애자 이튼 칼리지 교사,World
바이든 지지율 로 최저 경신물가가 발목 잡았다,World
 국채상환 유예조치 종료 디폴트에 한발 다가선 러시아,World
김치냄새 놀림당했는데 뉴욕 김치의 날 이런 날이,World
러 검찰에 외신 통제 법안 추진,World
런치플레이션유가폭등재택 끝난  직장인 아이고,World
조지 소로스 우크라 침공 차 대전 시작일 수도러 개방 사회 위협,World
키신저 우크라 끝내려면 러시아에 참패 안기려 말아야,World
고점대비 반토막난 테슬라 머스크 재산도 조 증발,World
아베크롬비 년 만에 주가 최대 하락인플레이션에 흔들,World
포착 만원으로 억 불태워우크라 자폭드론 러 탱크 파괴 영상,World
 인태지역 손잡자  태평양 도서국과 손잡는다,World
세계 경제 견인차  멈췄다도시봉쇄로 드러난 중국경제의 민낯,World
파키스탄  지원 못 받으면 디폴트스리랑카 뒤잇나,World
 관영매체 쿼드는 교활한 속임수국가들  총알 받이해,World
전세계 생계비 위기 직면 에너지요금 상한  상승,World
포착 뉴스에 노출된 러 무기 파괴한 우크라러시아 기자 땡큐영상,World
소로스 우크라 전쟁 차대전 서막일 수도러 물리쳐야,World
냄새난다고 놀림당했는데 감격뉴욕 김치의 날 만든 한국계 의원,World
러시아 괴물 서 자랑했다 우크라이나에 폭파 돼,World
바이든 텍사스 총기 난사 사건에 총기 로비에 맞서야 할 때,World
국제에너지기구 수장 유럽 올겨울 가스배급제 시행할수도,World
비트코인 달러까지 폭락할 수도 투자회사의 경고,World
 지린성 국경 도시 긴급 회의매일 검사하라,World
우크라 차 세계대전 서막인류문명 살아남지 못할 수도 소로스의 경고,World
 정상회담 가장 생산적글로벌 포괄적 전략동맹 현명한 접근,World
러 우크라 침략 비판없는 공동성명쿼드는 온건한 연합체,World
바이든 귀국길 미사일 쏜  명백한 도발 강력히 규탄,World
지구촌 더뉴스 남아공 패러글라이더 에베레스트서 세계 최초 합법 비행,World
 권도형 현재 한국에서 가장 미움 받는 남자,World
소로스 우크라이나 침공 차 세계대전의 시작일 수 있어,World
 사무총장 푸틴 우크라 침공은 전략적 실수,World
영상 유럽 올겨울 가스배급제 해야 할 수도러 에너지 의존 값비싼 대가 나우어스,World
다보스 포럼 참가자들 식량 무기화 러시아 비난 한 목소리,World
 증시 약세장에도에버코어  더 오른다,World
터키 시리아 국경에 군사 작전 실시할 것핀란드스웨덴  가입 볼모 삼아,World
영상 바이든 보란듯 함정 미일정상회담 날  열도 해협 통과 나우어스,World
고물가에 뒤집힌 여론러 제재보다 경제 우선해야,World
테슬라 주가 고점 대비 반토막올해 머스크 재산 조,World
외신들 바이든 순방 직후  미사일 발사하자 곧바로 속보 타전,World
속보 대통령 주재  미사일 중대 도발 강력규탄,World
우크라 국민  러시아에 영토 양보해선 안돼,World
 수장 유럽 올겨울 가스배급제 해야 할 수도,World
아시아 순방 효과 없네 바이든 대통령 지지율 취임후 최저,World
샤넬이 샤넬했다봉쇄에도 매출 굳건,World
필리핀 마르코스 초대 경제 수장에 정적 아키노 때 관료 기용,World
외무성 간부 바이든 대만 발언 미일간 조율된 것 아냐깜짝 놀라,World
 한일에 대한 미국 방위공약 철통  분명한 도발 용서되지 않아,World
도망치면 사살하라공안 신장 위구르 수용소 천명 자료 유출,World
젤렌스키 러 일부러 공격 늦춰 주장에 한심하다,World
나토 사무총장 푸틴의 우크라 침공 큰 전략적 실수,World
러시아 민간인 위해 일부러 공격 늦췄다는 주장에 젤렌스키 한심,World
마르코스 초대 경제 수장에 정적 아키노 시절 관료 기용,World
인도 설탕 수출도 제한식량 보호주의 무역전쟁 부를라,World
소로스 러 우크라 침공 차 세계대전 시작일수도푸틴 빨리 패배해야,World
소로스 우크라 침공은 차대전 시작러 물리쳐야,World
외신  바이든 순방 직후 미사일 발사 속속 타전,World
영상 푸틴 우크라에 인류 문명 살아남지 못할 수도투자의 전설 소로스의 경고 나우어스,World
  코로나 퍼지는데 미사일 쏴최소 발은  밖 낙하,World
 러 채무 상환 허용 조치 종료년만에 디폴트 가능성,World
스냅 충격으로 트위터  급락에 머스크는 웃는다왜,World
중국 대사관 손흥민 아시아의 자랑 네티즌도 손형 열광,World
러시아군 우크라이나 동부 돈바스 일대 집중 공격,World
러시아 디폴트 위기미국 러 채무상환 허용 예외 연장 안해,World
 쿼드 맞불 태평양 개국 방문타이완 문제 불장난 말라,World
 원숭이두창 과민반응 말라 독일 감염자 일간 격리 권고,World
한일순방 마친 바이든이 미국땅 밟기도 전에 미사일 도발,World
 타임지  대선 때 지지 얻으려 안티 페미 무기화,World
바이든 한일 순방 마치고 귀국안보경제로  본격 견제,World
런치플레이션천정부지 휘발윳값재택 종료  직장인 강타,World
유럽중동서 원숭이두창 확산 지속 과민반응하지 말아야,World
다단계 사기 총재 비판한 테라본사는 텅 비었다,World
헤어질 결심 탕웨이 박찬욱 감독 사랑한다박 감독 대답은,World
헤어질 결심 탕웨이 박찬욱 감독 사랑한다박 감독 대답은,World
젤렌스키 러 일부러 공격 늦춰 주장에 한심하네,World
 원숭이두창 통제 가능백신치료법 있다,World
뉴스딱 항공기 사세요타이 항공 돈 되는 거 다 판다,World
 금리 올리자 주택 수요 급감월 신규판매 년 최대 낙폭,World
러시아 우방 벨라루스 조지오웰  판매 금지,World
인태사령부  미사일 미군동맹국에 즉각적 위협 아냐상보,World
바이든  대만 침공 시 군사 개입하겠다는 말에러  방공식별구역 침범,World
러시아 디폴트로 가나미 러시아 채무상환 허용조치 연장 안 해,World
아파트 자체가 공동묘지러 폭격받은 건물서 부패한 시신 여구 발견,World
덴마크가 우크라에 제공할 지대함형 하푼 미사일은,World
한국 말레이 닭고기 수입국 아닌데 닭고기 가격에 미칠 영향은 노유정의 제철,World
 경제 재개주 급락주택 확실한 침체 신호 조재길의 글로벌마켓나우,World
 원숭이두창 감염자 일간 격리 권고 억제 가능 과민반응 말라,World
속보 감염자 모두 남성 독일 원숭이두창 일 격리 과민반응 자제,World
러 불친절한 외신 지국 폐쇄 가능한 법안 통과사실상 추방,World
김치의 날 제정 주도 한국계 의원 김치 냄새로 놀림당했는데 감격,World
 새 정책 오는 일 발표 관건은 대만,World
북한 탄도미사일 발 발사긴급  개최,World
원숭이두창 개국 확산 전파 막을 수 있어,World
가는 정 오는 정 백신 지원한 루마니아에 진단키트 기증,World
김치 냄새로 놀림 당했는데 이런 날이 뉴욕 김치의 날 만든 한국계 론 킴,World
 바이든 태운 에어포스원 본토진입 직후 미사일 도발,World
스냅  폭락에 기술주 일제히 하락경제지표 악화 뉴욕마감,World
바이든 한일 순방 마무리쿼드로 중국 견제,World
세 총격범 할머니 쏘고 초등학교 향했다명 숨져종합,World
쿼드 회의서 반중 포위 강화중 승냥이에겐 엽총,World
밀리 합참 국제질서 강력한 압박강대국 간 전쟁 위험,World
 재무부 러 채무상환 유예조치 종료러 년만에 디폴트 우려,World
 방위비 연 조원 증액 검토 아베 탄환부터 미사일까지 충분치 않다,World
폰의 굴욕빌게이츠 삼성 갤럭시폴드 쓴다,World
특파원 리포트 호주 년 만의 정권 교체중국이 주목하는 이 사람,World
다보스엔 러 전쟁 범죄 전시관첫 전범 재판 무기징역 선고,World
우크라 측 개월 전 푸틴 암살 시도 있었다시도 실패,World
독일 원숭이두창 감염자 일 격리 경계 필요하나 억제 가능,World
뉴욕증시 스냅 실적 경고에 나스닥국제유가는 보합세,World
톡톡 지구촌 남아공 패러글라이더 에베레스트서 세계 최초 합법 비행,World
톡톡 지구촌 타이항공 항공기 좌석에 이어 기체도 통째로 팔아요,World
 폭락해 나스닥  급락하게 한 스냅 어떤 기업,World
 원숭이두창 억제 가능한 바이러스 과민반응 말자,World
바이든 행정부 일 대중 전략 공개동맹 규합해 압박,World
 재무부 러시아 거래 중단 유예조치 연장 안해러 디폴트 선언하나,World
북  탑재 핵탄두 소형화 실험 가능성해커,World
러 강제 디폴트로 가나 러시아 채무상환 허용 연장 안 해,World
국무부 중러 군용기 시위에 위협해도 결의만 강해져,World
 지린성 국경 도시 긴급 회의매일 검사하라,World
러 폭격기 대  열도 주변서 군사훈련,World
 새 중국정책 오는 일 발표바이든 군사개입 언급 대만 문제 주목,World
밥상부터 차이한일 대미외교 손익비교,World
우크라전 일러시아군 동부 돈바스 일대 집중 공격,World
한국 반도체로   시동자유무역서 가치동맹으로,World
 쿼드 맞불 태평양 개국 방문타이완 문제 불장난 말라,World
스냅 충격 테슬라 루시드  전기차주 일제 급락종합,World
미국 북한 도발 가능성 여전이달 말 유력,World
김치 때문에 놀림당했는데 이런 날이감격한 한국계 의원,World
중러 겨냥한 쿼드 힘에 의한 현상변경 시도 반대,World
 새 중국정책 오는 일 발표대만 문제 입장 주목,World
 쿼드 대중 압박에 중러 전략적 무력시위,World
미  곡사포 투입우크라 평원의 전투복병으로영상,World
 일  정책 발표대만 군사개입 논란 이후 주목종합,World
미국 러시아 채무상환 허용조치 연장 안 해디폴트 가능성 커져,World
러군 돈바스 공세 강화우크라 민간인 명 사망상황 악화 중,World
스냅  폭락하자 나스닥  급락종합,World
삼성 반도체 가격 인상차가전장난감 더 비싸질 듯,World
바이든 가  됐다대만 군사개입 발언 또 번복,World
김치에 경의 표한 뉴욕 주의회김치 인기는 문화수용 좋은 예,World
우크라 침공 영 국방부 세베로도네츠크 뺏기면 루한스크 전체 넘어가,World
 러시아 채무상환 허용조치 연장 안 해러 디폴트 가능성,World
월인데 폭염 도 찍은 곳도전세계 최악 전력난 우려,World
스벅 러 떠난다 년 만에 완전 철수,World
 승냥이 기다리는 건 엽총 바이든 대만 방어 발언에 발끈,World
삼성스텔란티스  인디애나에 배터리공장조원 투자,World
우크라 사태로 곡물수급 비상오데사 항구 봉쇄 풀어야,World
우크라 영토 회복 현실 직시하라  파문서방 갈라졌다,World
단독 박진 외교장관 내달 방일년간 꼬인 한일 실타래 푼다,World
바이든 대만발언 또 번복잦은 언급 탓 정책변화에 무게종합,World
 쿼드가 평화 위협남태평양 저인망 외교전으로 대응,World
독일 원숭이두창 감염자 일간 격리 권고유럽 감염 속속 확산,World
헝가리 우크라 전쟁에 비상사태 선포,World
영국령 저지섬 러시아 재벌 아브라모비치 역외 자산 조사 착수,World
증시가상화폐 하락 머스크 조원 날렸다,World
인민서 나와 인민에 뿌리내린 영수  기관지도 시진핑 띄우기 나서,World
 전쟁 상기시키며 바이든에 강력 반발,World
한국보다 비싼   휘발유값 에너지 쇼크 아우성,World
자막뉴스 천정부지로 치솟은 곡물가새로운 작전 개시,World
돈 더 줄게 아시아 가던 물량 유럽으로최악의 천연가스 대란 오나,World
 원숭이두창 백신 만도스 주문감염자접촉자 주간 격리 권고,World
나토 총장 러 겨냥 경제안보 맞바꾸면 안 돼종합,World
곡물 수출 통로를 확보하라군함을 보낼까 미사일을 쏠까,World
반도체 들어간 차전자제품 더 비싸질 듯삼성 가격인상,World
현대차 유치 올인한  조지아 투자의향서 받자 대박 환호,World
쿼드 정상들 해군 겨냥 남동중국해 실시간 감시,World
대만 군사개입 시사 바이든 하루 뒤 정책 변화 없어종합,World
헝가리 총리 전쟁 이유로 비상사태 선포러 원유 수입 금지안은 반대상보,World
헝가리 총리 연임직후 비상사태 선포우크라이나 전쟁 대응종합,World
우크라 침공 우크라 마리우폴서 부패한 시신 여 구 발견,World
반중 포위 강화  승냥이엔 엽총,World
바이든 한일 순방 강경해진 대북 노선 보여줘 ,World
우크라이나 국민  러시아에 영토 양보 반대,World
시진핑 미중 양국민은 위대미국 지인에 쓴 편지 공개 왜,World
바이든 대만발언 또 번복잦은 언급 탓 정책변화에 무게,World
바이든 인도호주 정상과 각각 회담대러대중 정책 온도차,World
시진핑 미국 지인에 편지 미중 양국민은 위대,World
쿼드 국 정상 중국 겨냥 힘에 의한 현상 변경 강력 반대,World
바이든 박일 한일 순방 종료우크라 위기 속 인태서  견제,World
 쿼드가 평화 위협남태평양 저인망 외교전으로 대응,World
 방위성 중러 폭격기 일본 주변 상공 공동 비행,World
중러 폭격기 독도인근 카디즈 진입 등 출격종합,World
몰도바 검찰 친러성향 전 대통령 체포,World
맨유는 쓰레기  뉴스 생방송 도중 자막 사고,World
독도 인근 카디즈 침입중러 통상적 연합전략비행,World
암살 공격받아 건강 좋지 않아 설설 끓는 푸틴,World
미국의 우방 콜롬비아서 첫 좌파 대통령에 성큼시스루 피플,World
러시아서 두달 전 푸틴 암살 시도 있었다,World
 득점왕 손흥민 골든 부트 들고 금의환향대표팀 합류,World
조국인 러시아가 부끄럽다공개 사표 던진 년 베테랑 러 외교관,World
속보중러 폭격기 무더기로 독도인근 카디즈 진입,World
숨가빴던 박일 한미미일 정상회담 무엇이 달랐나,World
러시아 말 유창하더니우크라 대통령 국가반역죄 체포령,World
바이든 대만 방어 파병 가능단순 실언이냐 중국 떠보기냐,World
시진핑 뜬금없이 미국인 지인에 양국민 모두 위대 편지,World
스타벅스 러시아 영구 철수맥도날드 인수업체 맥으로 계속 영업,World
 대만 관련 바이든 발언에 연이틀 반발승냥이에겐 엽총,World
우크라 침공 영국 곡물반출 위해 오데사에 군함 보낼 계획 없어종합,World
 쿼드 맞불 태평양 개국 방문타이완 문제 불장난 말라,World
바이든 타이완 정책 불변자유무역서 가치동맹 전환,World
러 국방 우크라 군사작전 속도 의도적으로 늦춰 주장,World
러 겨냥한 바이든 쿼드는 민주주의 실현 논의의 장,World
원숭이두창 유럽 광란의 파티서 퍼진 듯억제 가능,World
고집 인도 쿼드 회동에서도 러시아 비난 안 해,World
스타벅스도 굿바이 러시아년 만에 완전 철수 결정,World
원숭이두창이 아프리카 출신성소수자 때문 유엔 낙인 효과 경고,World
원숭이두창 코로나와 다르다지만번지는 불안감,World
친러로 떴다 친러로 몰락한 우크라 대통령에 체포령,World
반중 포위 강화  승냥이엔 엽총,World
박찬욱 절정에 올랐다거장의 귀환에 열광,World
키이우는 전쟁 안 느껴져평화협상 요구 줄이어,World
중국 겨냥 쿼드 힘에 의한 변경 용납 불가,World
 위원장 푸틴 용서받지 못할 전쟁 공급망 훼손에너지 가격 올려,World
해도 너무 했네물이   맹물 휘발유,World
 해상 활동 추적쿼드  발 묶기 합의,World
중국 미국 분열 조장 중단하라안보리서 날 선 비난,World
바이든 도쿄서 쿼드 정상회담연일 중국에 견제구,World
돈바스 격전 틈타 우크라군 빼앗겼던 땅 분의  수복,World
견생역전러 버림받은 군견 이젠 우크라 위해 지뢰 찾는다,World
은행권 기능 크게 위축 디지털화폐 등장 전망에 반기 든 월가,World
바이든 친러 인도친중 호주 정상 만나 온도차 확인,World
적군에서 아군으로러 군견 우크라 위해 싸운다,World
볼리비아 년차 대학생 졸업 안하고 지원금 챙기다 덜미,World
푸틴 노린 그들 우크라뿐 아니었다암살 시도자 반전 정체,World
 바이든 타이완 방어 발언에 승냥이에겐 엽총 독설,World
다보스포럼 최대 관심 우크라이나백만장자 시위 세금 더 내게 해달라,World
우크라 침공 영국 해군이 오데사 곡물반출 선박 호위할 수도,World
년차 대학생 볼리비아 대정부 지원금 챙기다 덜미,World
중국 바이든 대만 방어 발언에 승냥이에겐 엽총 비판,World
쿼드 정상 모두 만난  바이든인도와는 우크라이나 입장 차 여전,World
원숭이두창 팬데믹 시작됐나 개국서 감염 확인,World
스냅챗 경고 후 미국 나스닥 선물 하락,World
국제 사회 제재의 역설 러시아 루블화 가치 치솟는다,World
서방 제재로 경제 위기 코앞인데푸틴 경제 잘 돌아가,World
바이든 대만 군사개입 발언 후폭풍,World
 원숭이두창 억제 가능 자신했지만 벌써 개국서 확인,World
속보합참 중러 군용기 대 독도 인근 카디즈 진입후 이탈,World
러 우크라에 제공된 미군  곡사포 탄약고 미사일로 타격,World
가 은밀 지원 시진핑 연임 앞 리커창 대망론,World
월드일본은 왜 가능성 희박한 안보리 상임국에 목을 매나,World
대응 최적 국방부  의전 최적 건물영빈관 달랐던 한일 바이든 순방 동행기 ,World
두테르테마저나는 어린이노인 죽이지 않아 푸틴에 선긋기,World
위태로운 세계 전력망 여름 다가올수록 정전 불안 커지는 북반구,World
세계를 뒤흔든 책 윤석열 대통령과 엘리트들 보십시오 권신영의 해리포터 너머의 영국,World
국방부 러 루한스크 완전 장악차 세베로도네츠크 공략,World
 쿼드로 포위망 좁히자 남태평양 공략으로 맞불,World
스타벅스 년만에 러서 완전철수에어비앤비는 사업 접기로,World
 총재 루나테라 사태는 피라미드 사기 비판종합,World
 일 러 채무 상환 연장 종료디폴트 압박 강화,World
러 우크라에 제공된 미군  곡사포 탄약고 미사일로 타격,World
팽창 압박 쿼드 인도태평양 인프라에 조원 쏟아붓는다,World
 뜨자 뒤로 밀린  중국 변수에 선거농민 반발까지 얽히고설켜,World
위압도발일방적 행동 거론 않은채 압박한 쿼드 정상들,World
영상 푸틴 암살 시도 두달 전 있었다러시아가 저지,World
세계 올 겨울 천연가스 대란 우려아시아유럽 확보경쟁,World
쿼드 대응중국 해군력 강화태평양 섬나라 공략,World
영상 바이든 일왕 악수 다리 꼰 채 끄덕끄덕,World
기자의눈기시다가 쑨원 비밀통로 도쿄식당서 바이든 대접한 이유,World
미국이 원숭이두창 퍼뜨렸다 중국서 이런 음모론이,World
코로나원숭이두창 이중 공포천연두 백신 찾는 나라 많아졌다,World
우크라에 제의 마셜플랜을러 동결자산 통한 전후재건 촉구 이어져,World
대만해협 미중갈등 최고조바이든 군사개입 한마디에 일촉즉발,World
 우크라 개입 중단하라 세 외교전설 키신저 대체 왜,World
중국 가계 자금 부동산증시 부진에 예금으로 몰려,World
말레이시아 닭고기 수출 중단에 싱가포르 비상 고조되는 식품 민족주의,World
속보 우크라 푸틴 암살 시도 실패혈액암파킨슨병 의혹도,World
영상 러시아 인구 만 세베로도네츠크 총공세거의 고립돼,World
영상 가장 파괴적인  곡사포우크라 사령관 발포 소감은,World
이근 병가 내고 서 치료정부 허락하면 다시 우크라 가고 싶다,World
생후 개월된 아들 두고세 우크라 조종사 전사,World
호주 새 총리 취임 이튿날 쿼드 회의 기다렸단 듯 러브콜,World
쿼드에 맞불 태평양 섬나라 개국 방문 발표종합,World
쿼드 정상회의 승자는 모디 인도 국익 관철시켜,World
우크라 이전 미국인들 년 이후 가장 부유했다,World
디지털달러 등장 전망 속 월가 은행 기능 위축도입 미뤄야,World
러 딥페이크 활용해 푸틴 건강 이상설 은폐 의혹,World
조국이 부끄럽다러시아 외교관 우크라 침공 항의 사임,World
 총재 자산 뒷받침 안 된 가상화폐 다단계 피라미드 사기,World
러시아 병사가 없다급여 배 불러도 쏟아지는 건 화염병뿐,World
말레이 우크라전 여파 닭고기 품귀월일부터 수출 금지종합,World
굿바이 푸시킨우크라서 러시아 흔적 지우기 열풍,World
팬데믹인플레에도 미국인들 재정 년래 최고 수준,World
포착 숨어도 소용없다 러 탱크 격파허 찌른 우크라 무인기 영상,World
키신저 우크라 완전한 승리 얻으려 말고 조속히 협상 나서야,World
중국 포위망 옥죄는 미국바이든 한일 순방 후폭풍은,World
취재파일 코로나로 번 돈 내놔라다보스에 청구서 내민 옥스팜,World
조국이 부끄럽다년 경력 러 외교관 사임,World
강경한 대북 스탠스 주목대통령 타임지 가장 영향력 있는 인에,World
세계 부호들도 못 피한 최악의 약세장 자산 조원 감소,World
우크라이나 법원 친러 전직 대통령 체포 명령,World
맥도날드 이어 스타벅스도 러시아 떠난다,World
모스크바함 격침 완료우크라 항전 기념 우표 재발행,World
월드리포트 손흥민 극찬한 중국 매체중국 축구 탈바꿈해야,World
푸틴 두 달 전 암살단 공격 받았다  우크라이나 정보 당국자 주장,World
기모노 입고  바이든에 차 대접한 총리 부인국내외 평가는,World
 총재 테라루나 피라미드 사기결국 산산조각,World
중국 탄광 개발로 최악 온실가스 메탄 배출  증가 우려,World
방위비 대폭 증액 명시하며대중국 전선 전면에 나선 일본,World
에 선전포고 바이든 대만 정책 변하지 않았다군사개입 발언 수습나서,World
빌 게이츠 삼성전자 갤럭시 폴드 쓴다,World
빵을 달라이집트 식량난 정치 위기로 번지나,World
러우크라 떠나는 고급 인력들전쟁에 생태계 무너져,World
대피하기도 늦었다러 우크라 동부 돈바스 압박 강화,World
러시아 탱크의 굴욕나무 아래 숨었지만 쾅영상,World
하나의 중국 그대로 진화나선 오스틴 국방,World
우크라 침공 전쟁 장기화 우려 속 평화협상 희미한 희망,World
광란 파티서 원숭이두창 퍼진 듯 억제 가능,World
속보 비트코인 달러까지 폭락 가능가상화폐는 쓰레기,World
대만 군사개입 바이든 세번째 실언에 갈등 고조,World
러 약탈 우크라 곡물 전쟁 기간 내내 증가새 위성사진서 확인종합,World
푸틴 암살 당할 뻔했다두달 전 러 저지로 실패,World
우크라 러에 빼앗겼던 영토 분의  되찾아,World
조국이 부끄럽다 러 외교관 우크라 침공 항의하며 사임,World
법정관리 타이항공 항공기 좌석 팔더니기체도 판매한다,World
전세계 여건 소아 급성간염 확산 중원인은 여전히 깜깜,World
때이른 폭염 한낮 도 찍었다전세계 정전 사태 경고,World
년째 대학생이던 볼리비아 남성월 천달러 지원금 챙기다 덜미,World
 젤렌스키 연설 기립 박수 거부 보도에사실 아니다 주장,World
평화는 없고 전쟁의 나팔수로 전락한 서방 언론,World
스벅 맥도날드 쉘 르노 등 러시아 손절 이유는,World
경제에 희생부르면 러 제재 지지 안해미국인 의식 변화,World
중국판 우버 디디추싱 결국  증시서 자진 상장폐지,World
 러시아 원유 금수 곧 합의푸틴은 경제 잘 돌아간다,World
손흥민 아시아의 자랑 잇단 이례적 극찬대사관의 속내,World
바이든 대만 군사개입국방 부랴부랴 하나의 중국 불변,World
 선물 위력 이 정도였어 가장 센 대포 배치된 우크라 상황,World
시나쿨파 바이든 대만 군사개입하겠다 의도된 실수일 수도,World
  좌석 뜯어 팔던 타이항공이번엔 비행기도 팝니다,World
미국 루마니아에 로 러시아 대신 에너지 공급 모색,World
위력적인 지원  곡사포  우크라전 다크호스,World
더뉴스 미국 주도  가입한 한국중국 현지 반응은,World
각국 중앙은행 총재들 가상화폐 실제 돈 아냐 위험성 경고,World
러 에너지 줄이는 루마니아  소형모듈원자로 가동 지원,World
중국의 독단성과 공격성 쿼드 결속 최대 동력 ,World
  소아 급성간염 전세계 급속확산 하는데 원인은 여전히 깜깜,World
벨기에 원숭이두창 감염자가족 등에 주 격리해야,World
원숭이두창 반려동물로 옮기면 유럽서도 풍토병화 우려,World
만달러 깨진 비트코인 달러까지 폭락할 수도,World
스타벅스마저 떠나는데푸틴 경제 잘 돌아가,World
세베로도네츠크 제 마리우폴 우려이탈리아 평화안 전달,World
우크라  대만  한국은세계의 경찰 의 전쟁 공식,World
영상 바이든 대만 전략 전략적 모호성 유지무력개입 하루 만에 직접 수습 나우어스,World
년 된 아이팟이 만원단종이 불 지핀 몸값 폭등,World
주지사 선물편지 공세에 호텔까지 잡고 기다렸다그는 현대차 정의선,World
좌석 뜯어 팔던 타이항공 항공기 구입해 카페 하세요기체 팔기로,World
안티 페미를 무기화 타임지의 윤 대통령 평가,World
중국 끌고 유럽 밀고세계 전기차 질주,World
바이든 대만 방어 군사 개입 발언 파장실언 전략 변화,World
 일대일로 야심작 몬테네그로 고속도로의 초라한 결말,World
년 일본의 숙원 안보리 상임이사국 진출 가능성은희박,World
벨기에 원숭이 두창 확진자 주 격리 의무화상보,World
에어비앤비 중국 떠난다심각한 통제 탓,World
 국방장관 바이든의 대만군사개입 발언 진화,World
마음은 미국에산적한 현안에 편치 않은 바이든,World
좋을 수도 나쁠 수도 윤 대통령  타임 영향력 인 선정 이유는 이슈,World
미 중국 견제 전선 확대했지만효과는 물음표,World
미국 루마니아에 로 러시아 대신 에너지 공급 모색,World
 원숭이두창 스페인벨기에 광란 파티서 퍼진 듯확산 억제 가능,World
벌써 건전세계 확산 소아 급성간염 원인 깜깜,World
년째 볼리비아 대학생월 천달러 지원금 챙기다 덜미,World
태양계에서 가장 작은 수성 미스테리 풀릴까,World
 아태 지역 진영 대결 거부타이완 문제는 중국의 내정,World
오키나와 인근서  항모전투기 보름 넘게 훈련,World
 핵보유국 양해얻어 히로시마서 핵우산과 모순 지적도,World
쿼드 개최바이든 중국 타이완 침공 시 군사 개입할 것,World
전세계 여건 소아 급성간염 확산 중원인은 여전히 깜깜,World
맥도날드 이어 스타벅스도러시아서 완전 철수,World
인도네시아 라팔 이어  도입 박차 연체금은,World
맥도날드 이어 스타벅스도 러시아서 사업 접는다,World
볼리비아 년차 대학생 졸업 안하고 지원금 챙기다 덜미,World
우크라전 일러 목표 달성 실패 속 서진 모색종합보,World
부실한 작전성급함에 러 도하 작전 거듭 실패,World
우크라에  등 계속되는 서방 무기 지원전쟁 판도 바뀌나,World
바이든 군사개입 발언 파장대만해협 긴장 파고 높아지나,World
말실수 진심일 것일본서 대만 군사개입 꺼낸 바이든 속내는,World
싱크탱크  대만봉쇄 가정 시나리오 분석전면전땐 양측 부담,World
 수장 러 작심 비판차대전 이래 최악 인도적 위기,World
미국인  코로나 팬데믹 끝났다,World
타이항공 처절한 호객행위좌석 뜯어 팔더니 기체 사세요,World
대권 행보 펜스 전직 상관에 도전장트럼프 배은망덕,World
수상한 바이든 왜 한국서 노조 찬양했을까,World
삼성 스텔란티스와 인디애나에 배터리 공장 설립,World
우크라군 승리 가까워졌다 곡사포 효과 주 뒤 나온다,World
푸틴 두달 전 죽을 뻔우크라가 밝힌 암살 시도자들 정체,World
 국방부 달간 러 전사자 아프간전 년과 맞먹어,World
암호화폐 성토장 된 다보스 포럼대부분이 쓰레기,World
우크라 정보국장 두 달 전 푸틴 암살 시도러 저지로 실패,World
영상 나루히토 일왕 만난 바이든 악수도 안한 꼿꼿 인사,World
년된 고물이 천만원애플 이것 뭐길래,World
원숭이두창 확산에 덴마크 백신회사 주문 쇄도수십 개국 연락,World
바이든 대만 발언 엇갈린 평가전략적 모호성 버려  혼란 야기,World
유럽서 열린 대규모 파티를 통해 원숭이두창이 퍼진 듯,World
푸틴 암살 시도 개월 전 있었다러시아 저지로 실패,World
끝이 안보이는 우크라 전쟁세계는 전시경제 체제우크라 충격파,World
러 맥도날드 새 매장이름 스타벅스 곳은 영구 철수,World
푸틴 서방 제재에도 러 경제 잘 견뎌과의 밀착은 강화,World
러 베테랑 외교관 푸틴 우크라 침공은 범죄,World
경제 제대로 알아야 침묵 깬  최대 빅테크 회장논란 확산,World
매체 바이든 대만 발언 하나의 중국 정책 폐기 위험한 신호,World
키신저 우크라 전쟁 전 영토상황 인정한 채로 협상 나서야,World
대만 문제를 미중 협상의 중심에 놔선 안돼 거듭 우려 표한 키신저,World
손흥민 득점왕에 대사관 아시아 자랑축하글 두번 올려,World
원숭이두창 확산에 덴마크 백신회사 주문 쇄도수십개국 연락,World
 브로드컴이 웨어 인수에 조원 통큰 베팅한 이유,World
러군 반복된 도하 실패는 작전 미숙과 지휘부 욕심 탓,World
키신저 대만이 미중관계 중심되면 안돼하나의 중국 존중해야,World
우크라 정보국 개월 전 푸틴 암살시도 있었지만 실패,World
 러시아 석유 수입 금지 임박며칠 안에 합의할 듯,World
러이 버린 군견 맥스 우크라 위해 일한다,World
쿼드 정상회의 시작 견제 공동성명 담을 듯,World
우크라 침공 러군 반복된 도하 실패는 작전 미숙과 지휘부 욕심탓,World
지구촌 날씨 캐나다 동부 강한 폭풍으로 큰 피해,World
지구촌 더뉴스 스타벅스도 러시아 떠난다년 만에 완전 철수,World
 한국 막걸리에 주목 차세대 한류 주인공,World
영상 건강이상설 푸틴 왼발 가만두지 못하는 모습 포착,World
올댓차이나 디디추싱 미국상장 폐지 결정주주총회 승인,World
한국이 부럽다 중국서도 손흥민 득점왕 소식 화제,World
여기는 남미 살 할아버지가 전교등 고교졸업점 만점에 점,World
미 언론들 일제히 바이든 대만 수호 발언 지지,World
세계 대 부호 자산 올 조 줄었다,World
두달 전 푸틴 암살 시도 있었지만 러 당국이 저지,World
중국 바이든 발언 꼬투리 잡아 격한 공세,World
 등 강력한 서방무기 우크라 속속 배치전쟁 판도 바꿀까,World
각국 중앙은행 총재들 가상화폐는 실제 돈 아냐 위험성 경고,World
우크라 정보국장 달 전 푸틴 암살 시도 있었다,World
 압박에 결국디디추싱 증시서 자진 상폐,World
영상 젤렌스키 푸틴 제외하곤 러 관리 만날 이유 없다왜 나우어스,World
중국 일본 안보리 상임이사국 진출에 반대의견차 크다,World
건강이상설 푸틴 이번엔 왼발 꼼지락 잇따라 포착영상,World
두달 전 푸틴 암살 시도 있었다러 당국이 저지,World
역시 깐느박 분간 기립박수박찬욱 헤어질 결심 외신 극찬,World
세 이상은 공짜 안락사 선택권 걱정마라 일본 영화일 뿐이니,World
독일 부총리  조만간 러 석유 제재 합의돌파구 찾을 듯,World
여기는 중국 손흥민은 이 시대 최고 선수서도 손 향한 찬사 뜨거워,World
 원숭이두창 억제 가능변이성병 증거 없어,World
중국 디디추싱 뉴욕증시 상장폐지 절차 밟을 것,World
바이든 질문의 덫에 걸렸나대만개입 발언에 발칵,World
뉴스라이브 원숭이두창 세계 곳곳 확산국내 발생 시간 문제,World
러 동북부 도하작전 실패 전쟁 실패 원인 ,World
중국 대사관 손흥민 아시아의 자랑누리꾼도 손형,World
 아태 지역 진영 대결 거부타이완 문제는 중국의 내정,World
터키 대통령 스웨덴에 무기 판매 제한 해제 요구,World
디디추싱 결국 뉴욕증시 떠난다,World
군축 담당 러시아 외교관 내 조국이 부끄럽다우크라 침공 항의해 사임,World
 정부 하나의 중국 불변 바이든 대만 군사 개입 수습 진땀,World
비트코인 만달러 추락 예고살아남을 코인 가지는,World
 아태 지역 진영 대결 거부타이완 문제는 중국의 내정,World
푸틴 나와라젤렌스키 종전 논의 촉구,World
푸틴 제재에도 경제 잘 돌아가서방과 등진 러 에 러브콜,World
 총재 가상화폐 루나테라는 다단계 사기,World
명 하루 아침에 백수신세년만에 별다방 철수 날벼락 맞은 러시아,World
스냅 충격 비트코인  만달러대로 밀려상보,World
미국의 최종 목표는 중국원숭이두창 음모론 확산,World
영국 원숭이두창 건으로 늘어직접 접촉자 주 격리 지침,World
젤렌스키 다보스서 전후 재건 기금 조 도와달라,World
자막뉴스 유력한 가설원숭이두창 이곳에서 퍼졌다,World
분 거리 약혼녀 보려  돌아왔다우크라 남성의 애틋한 순애보,World
오늘아침세계는 견제  출범 타이완 유사시 군사 개입,World
원숭이두창 억제 가능 성병 아냐 동성애 낙인 차단,World
젤렌스키 전쟁 끝내려면 푸틴과 직접 만나야그 외엔 소용 없어,World
러 철수 맥도날드 새 브랜드 맥스벅은 영구 엑소더스,World
폴란드 러시아 가스 끊었다신뢰할 파트너 아냐,World
 고문 원숭이두창 유럽 대규모 광란 파티 성관계로 퍼졌다,World
러시아 우크라이나 데스나 훈련센터 공습 명 사망,World
세계 경제 리더 다보스포럼서 경기 침체 경고 글로벌이슈,World
원숭이두창 스페인벨기에 대규모 파티서 퍼진 듯,World
푸틴 벨라루스 대통령과 회담서방 제재에도 경제 잘 돌아가,World
바이든 대만 군사개입 발언전략적 명확성 전환 예고인가,World
미 국방장관 하나의 중국 정책 변함없어바이든 대만 군사개입 발언 잇단 수습,World
바이든 반도체 동맹 주도 와 회담으로 반도체 부흥 기대,World
머스크 조 베조스 조 날렸다부자들도 못 피한 이것,World
 목표는 상상초월 악 서 퍼진 원숭이두창 원인,World
스타벅스도 러시아 떠난다 년 만에 완전 철수,World
미국이 일부러 원숭이두창 퍼뜨린다 중국에서 제기된 음모론,World
윤 대통령 타임지 가장 영향력 있는 인에황동혁 감독도,World
시진핑 사단 톈진시장 돌연사리커창 반격 신호탄인가,World
분 거리 약혼녀 보려  돌아왔다우크라 남성의 애틋한 순애보,World
오늘아침세계는 견제  출범 타이완 유사시 군사 개입,World
우크라 침공 일 러 진군 느리고 비성공적종합,World
푸틴 서방 제제에도 러시아 경제 잘 돌아가젤렌스키 최대한의 제재 가해야,World
미국이 원숭이두창 퍼뜨렸다서 음모론 확산,World
로이터 삼성 스텔란티스와  배터리 합작공장 설립,World
먹고사는 문제와 무슨 상관에 미국 내 불만,World
미국인  코로나 팬데믹 이젠 끝났다,World
우크라 지원 주도 에스토니아 과 관계 강화 희망,World
윤 대통령은 왜 타임 영향력 인에 선정됐을까,World
러 키이우 기차역 미사일 폭격다보스포럼서 러 규탄,World
중국 견제 전선 넓히는 미국효과에는 물음표,World
바이든이 한일에 우주협력 카드 안 빼먹는 이유중국 톈궁의 등장,World
 러 진군 매우 느려키이우 특수작전부대 파견 가능성종합,World
삼성 스텔란티스와  인디애나에 배터리 합작공장종합,World
대통령 타임지 선정 가장 영향력 있는 인황동혁 감독도,World
오늘 쿼드 회의 바이든 중의 타이완 침공 땐 군사개입,World
뉴욕증시 은행주 급등에 상승유럽 주요국 증시도 ,World
버려진 러시아 군견 이제 우크라이나 위해 싸운다,World
젤렌스키 러 제재 최대한으로푸틴 경제 잘 돌아가는 중,World
우크라 데스나 훈련센터 러 미사일 공격으로 명 사망,World
오스틴 국방 러 진군 매우 느리고 비성공적전쟁 끝내야,World
스타벅스 러시아서 철수매장 전부 폐쇄 다신 영업안해,World
만달러선 붕괴했는데비트코인 달러까지 하락 가능,World
톡톡 지구촌 스타벅스도 러시아 떠난다년 만에 완전 철수,World
 합참의장 우크라대사관 미군 투입 여부에 대통령 결심 사안,World
다보스포럼 최대 관심 우크라이나백만장자 시위 세금 더 내게 해달라,World
뉴욕증시 일제 상승 마감다우 나스닥 종합,World
세계 보건 기관들 원숭이 두창 일반 대중에 확산 우려 종합,World
비트코인  폭락달러까지 하락 가능 경고 나왔다,World
화이자 세 미만도 코로나 백신 효과에 긴급사용 승인 요청,World
원숭이두창 유럽북미서 확산 억제 가능,World
 바나나와 경기침체 사이차대전 후 가장 큰 시험대 김영필의 분 월스트리트,World
바이든 한마디에 미증시 일제 상승 뭐라고 말했길래,World
합참의장 우크라대사관  투입 여부에 대통령 결심 사안,World
 아태 지역 진영 대결 거부타이완 문제는 중국의 내정,World
중국 내정 간섭 마라 반발한국은 분리 대응,World
대만 유사시 군사개입 시사미일 동맹 강화,World
니콜라  상승리비안  하락 전기차주 혼조종합,World
세계 대 부호도 피하지 못한 약세장올해들어 조원 자산,World
빅터 차   메모리얼데이 연휴 주말에 무력도발 가능성,World
스타벅스 러시아 모든 매장 폐쇄다신 영업 안해,World
러벨라루스 정상회담서방 제재에도 경제 잘 돌아가,World
자막뉴스 사실상 푸틴 겨냥까지러시아 내부 이상 분위기,World
대통령 타임지 가장 영향력 있는 인에포퓰리스트 지도자,World
 실시간뉴스 대규모 광란 파티서 원숭이두창 퍼진 듯,World
 국방 하나의 중국 불변대만 군사 개입 바이든 발언 진화,World
바이든 대만 발언 일파만파 불장난에 덴다종합,World
 개주 현대차 모시기 전쟁승자 조지아 개월 극비 협상,World
일왕 만나 악수도 안 한 바이든오바마는 폴더인사영상,World
죽음의 여름이 온다 월에 도 억명 위기,World
올해 시간마다 만명 극빈층 전락 부의 불평등 더 악화된다,World
  억 인민과 대립 말라 경고,World
바이든 안보리 상임이사국 진출 지지 방위비 증액에도 힘 실어,World
다보스포럼서 러 침략 규탄스타벅스도 완전 철수,World
윤석열과는 맞손 잡았던 바이든일왕과 악수도 안했다,World
글로벌 커피 위 스타벅스도 러 엑소더스년만에 완전 철수,World
주도 우크라지원 국방협의체 차 회의개국에 한국도 참석종합,World
미국인 명 중 명 코로나 팬데믹 끝났다갤럽,World
오늘 쿼드 정상회의반중 포위망 구축 시진핑 자극 주목,World
오스틴 국방 하나의 중국 정책 불변바이든 발언 진화,World
대만 군사 개입 바이든 발언에 미 국방부장관 하나의 중국 불변,World
화이자 세 미만도 코로나 백신 효과저용량으로 회 접종종합,World
맥도날드 이어 스타벅스도 러시아 떠난다년만에 완전 철수종합,World
미일  견제 위해 뭉쳤다 바이든 대만 군사 개입에 예스,World
우크라 러 최대한 제재해야러 루블화 결제로 대응,World
대통령 타임지 가장 영향력 있는 인황동혁 감독도 올라종합,World
바이든 대만 개입 발언에  국방부 진땀 해명정책 안변해종합,World
전문가   공휴일 좋아해메모리얼데이 도발 관측,World
국방 대만군사개입 바이든 발언 진화하나의 중국 불변,World
스타벅스도 러시아서 문 닫는다년 만에 완전 철수,World
 고문 유럽 대규모 광란 파티서 원숭이두창 퍼진듯,World
추문에 고국 떠났던 스페인 전 국왕년만에 귀국 아들 상봉,World
윤석열 세계서 가장 영향력 있는 인에포퓰리스트 지도자 언급도,World
영국 원숭이두창 건으로 늘어직접 접촉자 주 격리 지침종합,World
다보스포럼 년 이어진 세계화 시대 끝나가 공급망 교란 경고,World
  우크라 간 폴란드 대통령 영토 도 뺏겨선 안돼,World
바이든 이 대만 무력침공땐 군사 개입 의 약속,World
 세계 최고 리그 으로 솟다 서 선수 첫 득점왕,World
중국 미국의 경제적 식민지 연일 비판,World
바이든 일본 안보리 상임이사국 진출 지지,World
바이든 대만 유사시 개입 발언에 불장난 마라 결말 안좋을 것,World
러시아 무기 보관 키이우 서부 기차역에 미사일 공격,World
 유럽미주 원숭이두창 억제 가능변이 증거 없어,World
이탈리아 우크라 단계 평화 로드맵 제안러 검토 중,World
타이완 유사시 군사 개입바이든 우리의 책무,World
우크라 정보국 개월 전 푸틴 암살 시도 실패,World
우크라 침공 러벨라루스 정상회담서방 제재에도 경제 잘 돌아가,World
속보 원숭이두창 유럽 동성애자 성관계 파티서 퍼진 듯,World
윤석열 대통령 타임지 가장 영향력 있는 인에 선정,World
바이든  납북피해자 가족에 나도 가족 잃어기시다와 분 만찬,World
폭염 온다는데 에어컨 못 켜나올여름 최악의 전력난 우려,World
년만에 돌아온 다보스포럼 최대 의제는 우크라이나,World
러시아 가스 안 쓴다 폴란드 러 가스 공급계약 조기 해지,World
빅터 차   메모리얼데이 연휴 주말에 무력도발 가능성,World
 바이든 대만 군사 개입 발언에 공개 반발 단호한 조치 할 것,World
여기서 갈린다 돈바스 요충지 세베르도네츠크서 격전,World
제네바 주재 러 외교관 사임 조국 부끄러워,World
바이든 대만 공격받으면 군사 개입 시사중국 강력 반발,World
 한미 정상 타이완 언급에 항의미일 정상 회담에 반발,World
스타벅스 러시아 시장서 발 뺀다영업 년 만에 완전 철수,World
우크라 침공 폴란드 러 가스 공급계약 조기 해지,World
당국자 바이든 대만 침공 군사 개입 시사에 정책 변화 없다,World
스타벅스도 러시아 떠난다 년 만에 완전 철수,World
원숭이 두창백신 관련 없는 제약 주식 주의,World
속보 이란서 층 건물 붕괴 최소 명 사망명 매몰,World
푸틴 루카센코와 정상회담서방 제재에도 끄떡 없어,World
푸틴 서방 제재 잘 견디고 있다루카셴코 오히려 기회,World
맥도날드 이어 스타벅스도 러시아 떠난다년만에 완전 철수,World
 견제 새 경제 구상  출범 타이완 유사시 군사 개입,World
 군함 화재서 동료 구한 필리핀 청년  최신 구축함 이름으로 부활,World
바이든 몸은 아시아에 신경은 미 중간선거에,World
목숨이냐 영토냐우크라이나의 휴전 협상 딜레마,World
젤렌스키 다보스포럼 연설서 러에 최대한 제재 가해야종합,World
대통령 굴종외교 실패 년간 증명  과민반응종합보,World
이탈리아 우크라 단계 평화 로드맵 제안러시아 검토 중,World
이스라엘오스트리아에서도 원숭이 두창질병청 천연두 백신 비축,World
바이든 납치 피해자 가족에 나도 아이 잃어 미일 정상회담 이모저모,World
미일 창과 창 역할 결의경제안보 대중국 포위망 가시화,World
과 만찬서 한식 극찬한 바이든 총리와 먹은 메뉴는,World
만명 운집한 게이 퍼레이드가 단서  고문 광란 파티가 원숭이 두창 전파 씨앗,World
바이든 지지 힘입어  방위비 대비 로 늘릴 가능성,World
필리핀 차기 대통령 한국과 원전 가동 협의,World
중국의 시진핑 띄우기 부작 일대기 방송 시작,World
필리핀 차기 대통령 마르코스 원전 가동 한국과 협의할 것,World
바이든 대만 군사 방어 발언에 해명나선 백악관기존 정책 유지,World
필리핀 대통령 당선인 바탄 원전 한국과 논의해 가동할 것,World
중국이 대만 침공하면 군사 개입바이든 돌발 발언에  격분,World
 고문 유럽 대규모 광란 파티에서 원숭이두창 퍼진듯,World
러 크렘린궁 글로벌 식량위기 혹독한 서방 제재 탓,World
바이든 순방보다 분유분유 공수 작전 생중계,World
중국  출범 대립 부추겨박진  새로운 질서 받아들여야,World
원숭이두창 개국서 뚫렸다 더 확산될 수도,World
 내정간섭 절대 불허바이든 총공세에 반발,World
회담 뒤 성평등 질문한 윤 대통령 답하느라 곤혹,World
필리핀 차기 대통령 마르코스 한국과 원전 가동 협의,World
키이우 대사관 우리가 지킨다미군 파병 검토,World
기시다 만난 바이든 중국의 타이완 침공 시 군사개입,World
바이든기시다 비공식 만찬 시작일본식 정원 딸린 고급식당서,World
내정 간섭 중국 발끈한국은 분리 대응,World
중국 연일 견제구중국에 대한 적대감 절정 이를 것,World
바이든 대만 침공 시 군사개입일본 힘 키워 중국 대응,World
 주도 중국 견제  출범한국 등 개국 동참종합보,World
호주 새 총리 중국과의 관계 난제중국은 기대 표명종합,World
중 특정국가 배제 말라 반발수출통제 등 불똥 우려,World
미일 정상 대중국 공조일본 유엔 안보리 진출 지지,World
제의 상하이 되나 베이징 또 집단 시설격리,World
바이든기시다  핵미사일 도발 대응 한미일 협력 강화,World
대통령 선택은 김정은에 달려 망하게 하려는 것 아냐종합,World
미일 안보경제 중 견제바이든 대만 언급 반발,World
언론인 바이든 대만 발언에물고기 밥 자처 반발,World
러 돈바스 우크라 지휘소 폭격주민투표로 러 귀속 결정,World
이스라엘오스트리아에서도 원숭이 두창질병청 천연두 백신 비축,World
공론화한 일본 안보리 상임이사국 진출 현실성 있나,World
바이든과 대립각 세운 머스크테슬라 주가 휘청,World
바이든 대만 방어 위해 군사개입 할 거냐 질문에 예스,World
러 평화 협상 재개 용의 있다 러브콜,World
벨기에영국 원숭이두창 환자 격리세계적 전염병 또 시작되나 긴장감,World
영국 정보부 전 국장 푸틴 건강 문제로 내년 의료시설,World
돈바스 소도시 제의 마리우폴 되나러군 수십개 목표물 공격,World
바이든 동행 취재기 부활한 오프 더 레코드 리셉션,World
우크라 전쟁 파급효과 유전자 편집 작물 허용 추진,World
휴전 필요 타협 없다 우크라 출구서 갈라선 유럽,World
세베로도네츠크 제의 마리우폴 되나우크라 안팎 우려 고조,World
대만 방위 발언 수위 높인 바이든 백악관은 정책 변화 없다 뒷수습,World
대통령 대화는 김정은의 선택 망하게할 생각 없어,World
  빠지면 국익에 피해  패권의 앞잡이,World
악수 안 하고 허리 꼿꼿이 일왕 만난 바이든 최소한의 인사법,World
 견제 새 경제 구상  출범 타이완 유사시 군사 개입,World
 베이징 신규 감염자 명 육박또 집단 시설격리종합,World
 대만해협 거론 한미정상회담에 반발억에 맞서지 마라,World
바이든  유엔 안보리 상임이사국 진출 지지,World
바이든 대만 침공 땐 군사 개입할 것 타협 없다 반발,World
속보영상 바이든 중국 타이완 침공 시 군사개입 할 것인가 질문에 예스,World
바이든 러시아 우크라 만행에 장기적 대가 치러야이 지켜봐,World
안미경미대만 도발한중관계 곳곳에 뇌관,World
바이든 광폭 중국 압박에  주권과 안보 수호 반드시 실행 강력 반발,World
머스크 바이든 행정부와 전면전오너리스크 테슬라 휘청,World
 바이든이 방한 중에도 챙겼다 공군 분유 공수 작전,World
벌써 개국 확산감염 속출 원숭이두창 증상은,World
전쟁코로나로 공급망 혼란 년 세계화 시대 끝났다,World
 코로나 대유행 아직 끝나지 않았다,World
올 여름 최악 폭염온다에어컨 못켜나 블랙아웃 경고,World
아태지역에 진영대결 끌어들이지 말라중국  주도  비판,World
 증시 대공황 이후 최장기 하락 글로벌 경기 최악의 상황 올수도,World
바이든 일본 유엔 안보리 상임이사국 진출 지지가능성은 희박종합,World
미일 정상회담  정조준대만 침공시  군사개입종합,World
승용차 두고 마차로 출퇴근 하는 독일 여성기름값 아껴,World
한미정상회담 북한핵 대응 전략이 불안한 이유,World
바이든 대만방어 군사개입 묻자 예스 결연 반대종합보,World
가까운 유럽 옛말끊어진 하늘길에 러 극동 교민 시름,World
영상 아프리카 안 갔는데발병 속출하는 원숭이두창 증상은,World
바이든 대만 공격 받을땐 군사개입 군비 증강도 지지,World
 방콕 주지사선거 정부 반대 푸어타이 대리 후보 승리,World
러 장교 푸틴이 시작한 전쟁 그만둘 수 밖에 없었다,World
아시아 최초  득점왕 손흥민 활약에 도 극찬,World
팩트 원숭이두창은 동성애 남성만 감염 진실과 거짓,World
장애로 못 걷던 새끼 기린 교정기 달고서 기뻐 껑충영상,World
러에 버림받은 군견 생명 구해준 우크라 탐지견 됐다,World
벨기에 원숭이두창 감염자 일 격리한다전세계 대응 분주,World
바이든 타이완 방어 군사개입 묻자 예스중국 결연 반대,World
뉴스큐 원숭이 두창 유럽도 뚫렸다제의 팬데믹 우려,World
스타링크 추적카메라가 포착한 지구의 위성 달,World
억만장자 재산 다 합치면 경 조나라도 살 듯,World
벌써 도 폭염에 하루 시간 정전 초비상어디길래,World
애니멀 픽 러이 버린 군견 이제 우크라 위해 지뢰 찾는다,World
분 거리인데 생이별 돌아가 약혼녀 만난 우크라 남성,World
러군 폴란드 대통령 방문 중인 키이우에 무력 시위,World
바이든 대만방어 군사개입 묻자 예스 결연 반대종합보,World
바이든 원숭이두창 코로나처럼 대유행 안할 것,World
일단 출범부터 선언한  중국 경제적 부상 꺾을까,World
외안구단 한미 정상이 보여준 세 가지 상징적 장면득과 실은,World
 경제학자 어떤 대가도 아깝지 않다대가 안 치르는 사람,World
 관영지 한미 정상회담 후 한국에 고강도 견제 목소리종합,World
오바마는 폴더 인사하고 트럼프도 툭툭 쳤는데왕에 허리 꼿꼿이 세운 바이든,World
휴전하자는 서유럽에 타협 없다는 우크라폴란드 날선 신경전,World
포착 푸틴 수영복 입고 샤넬백 찢은 러 모델 칸영화제 참석 강행,World
테라 사태 이후 스테이블 코인 테더에서도 조 현금 인출,World
올여름 폭염전쟁에 전세계 수십년만의 최악 전력난 우려,World
중국 고립 큰 판 짜는 바이든  대만 침공하면 미군 투입,World
불붙은 리튬 전쟁경매 나온  광산 배에 낙찰,World
올여름 폭염전쟁에 전세계 수십년만의 최악 전력난 우려,World
왜 멀쩡하지통가 해저화산 대분화에도 형태 그대로,World
인도  전격 참여중국 경제 영향력 확대에 견제 포석,World
세계 최대 스테이블코인 테더도 뒤숭숭현금 인출액 조원 육박,World
바이든 이 대만 침공하면 군사개입 예스 강력 반발,World
한미정상회담 결과가 우려스러운 이유,World
기시다 바이든  안보리 상임이사국 진출 지지 표명 있었다종합보,World
세계 최대 스테이블코인 테더 현금 인출액 조 원 육박,World
바이든 대만 방어 군사개입 묻자 생중계서 또 예스종합,World
다수당 놓고 초박빙  총선여당 좌파동맹에  앞서,World
 총리 조라고 부르며 바이든에 친밀감 표시,World
인도부터 미국까지올 여름 세계 정전위기 닥친다,World
중국서도 손흥민 득점왕 화제멋지다 질투 난다,World
 주도 중국 견제  출범한국 등 개국 동참종합,World
 한국 막걸리 주목다음 한류 주인공,World
부럽고 질투 나 중국 손흥민 득점왕 극찬하며우리는,World
한국의 가장 쿨한 수출품 팝 아니고 막걸리,World
 강한 일본 지지 유엔 상임이사국 진출 찬성,World
러 평화 협상 재개 준비우크라 영토 양보 동의 못해 거절,World
바이든 중국 타이완 침공 시 군사개입 할 것인가 질문에 예스,World
세계 최대 스테이블코인 테더 현금 인출액 조원 육박,World
여기저기 널린 시신에 무덤러 점령 마리우폴 전염병 우려,World
바이든 중국이 타이완 침공하면 군사 개입 의향,World
죽어  손흥민 득점왕 경쟁자 살라 에 악플단 네티즌,World
돈바스에 맹공 퍼붓는 러시아즉각 휴전 거부한 우크라,World
 반도체업체 브로드컴 조 규모  업체 인수 추진 배경은,World
사우디  내 러시아 역할 지지서방 압박에도 요지부동,World
시진핑 장기집권 중국 차 당대회 앞두고 년대생 부상충성심이 관건,World
부럽고 질투 난다손흥민 득점왕 중국서도 화제,World
나토 맥주 출시한 핀란드 양조장현지서 불티나게 팔려,World
바이든 중대만 무력충돌때 군사개입 표명전략적 모호성 폐기,World
제로 코로나 불만 커지자  매체 시진핑 특집 보도로 여론전,World
 견제 위한 밀어주기  안보리 상임이사국 진출반격능력 지지,World
오바마 초밥 트럼프 화로구이 바이든 의 접대외교 공식,World
베이징 하루 감염 명 육박코로나 통제 여름까지 이어질 수도,World
유럽정치공동체 구상 우크라이나 거부로 좌초하나,World
영상 바이든  대만 침공 시  군사 개입 역린 건드려 나우어스,World
속보 바이든  공격 대만 방어 위해 군사 개입 의향,World
마중 나온 일왕 바이든 악수도 허리 굽히는 인사도 안 했다,World
우크라 침공 젤렌스키 동부 전선서 하루 최다 명 전사할 수도,World
제의 카불 될라 키이우 대사관 경호 위해 특수부대 파견 검토,World
왕과 악수도 절도 생략바이든 스타일 에서와 달라,World
질투 나지만 밉진 않다득점왕 손흥민에 극찬 쏟아졌다,World
 산업계  보다  중시 정권에 발 맞춰,World
바이든  공격 대만 방어 위해 군사개입 질문에 예스,World
팬데믹 안끝났는데원숭이두창 급속 확산에 비상,World
자막뉴스 사랑에 빠졌다던 트럼프 바이든은 김정은 헬로 끝,World
터미네이터 탱크 투입러시아 돈바스 전투 올인영상,World
중국서 검체채취원 몸값 치솟자 간호사 자격증 위조해 돈벌이,World
푸틴의 역린은 미국 셰일셰일 언급에 발끈 소리질러,World
 코로나원숭이두창우크라전쟁 겹쳐 엄청난 보건위기,World
휴전인가 수복인가 러시아 돈바스 장악에 우크라이나서방 갑론을박,World
영상 놀랍다 아름답다스페이스가 포착한 달,World
전쟁 폭염 코로나 올 여름 지구촌 뒤덮을 대규모 정전,World
년 전 쿠데타 발발일에 치러진 태국 총선 전초전지방선거 야권 승리 유력,World
원숭이두창 여름철 맞아 제 팬데믹으로 이어지나,World
위협우크라전으로  평화주의서 멀어지고 있다 ,World
원숭이두창 유럽북미중동 동시다발 확산에 또다른 팬데믹 우려,World
대만 언론도 바이든의 한국 영부인 외모 칭찬 주목,World
영상 최악의 분유 대란 겪는 미국군용기로 분유 수송 대작전,World
 정부 기업 보조금  대비 한국의 배,World
이재갑 원숭이두창 코로나 팬데믹 수준은 아냐,World
약혼녀 찾아 삼만리분 거리를  돌아 상봉,World
바이든  안보리 상임이사국 진출 지지 미일 정상회담,World
이집트 재무 우크라 전쟁으로 식량대란수백만명 아사 위기,World
영국 원숭이두창 밀접 접촉자 주간 격리,World
바이든 일본 유엔안보리 상임이사국 진출 지지,World
중국은 언제 저런 거성 배출할까  축구팬도 손흥민 득점왕 관심,World
 분유대란에 군용기로 독일서 분유 톤 긴급 공수,World
눈물 흘린 김정은 현철해 영결식서 직접 관 운구,World
년대 중후장대 산업 주도 동북성도 쇠락의 길,World
미국 이상한 봄한쪽에선 폭염 반대쪽은 폭설,World
원숭이두창 확산 일로바이든 이용가능한 백신 찾는중,World
우리는 언제 저런 선수 나올까득점왕 손흥민 중국서도 화제,World
미국판 허삼관 매혈기 여성 물가 폭등에 피 팔아 생계,World
미일 정상 잠시 후 기자회견중국 견제한미일 협력 확인,World
중국 견제 대만은 가입 원하는데 빠졌다 왜,World
돈바스 전선 격전폴란드 대통령 도 빼앗겨선 안 돼,World
바이든 몸은 아시아에 있지만 눈은 미국 국내 정치에,World
년간 빅맥 만개 먹었는데 남성의 놀라운 몸 상태,World
바이든은 내 친구 실세 주일 대사의 극진한 환대,World
 경제적 영향력 등 통한 세 불리기 압박 탈출 모색,World
월드피플 생후 개월 아들과 마지막 인사하늘의 별이 된 우크라 영웅 영상,World
중국도 거성 배출해야 질투난다 서 손흥민 득점왕 화제,World
우크라  합류 년 뒤에 유럽 신속 승인 두고 또 불협화음,World
최악 분유난 미국 분유 공수 작전두달 후쯤 정상화,World
산케이 한미정상회담 만찬에 독도 새우 없었다반일 메뉴 없어,World
식용유 대란 숨통 트이나인니 팜유 수출 재개,World
중국정부 기업 보조금 의 한국의 배,World
년 세계화 시대 끝났다 경고올해 다보스포럼 주요 의제,World
바이든  트럼프 러 입국금지 명단 공개,World
시리아 러에 드럼통 폭탄 전문가 파견우크라에 사용 우려,World
부차학살로 멈췄던 평화협상 우크라전 판세변화에 교착상태,World
오바마 절했고 트럼프 툭 쳤는데일왕과 악수도 안한 바이든,World
돈바스에서 격전러 주민 투표로 돈바스 귀속 결정,World
 러스트벨트 동북성 쇠락하얼빈 인구 천만명 깨져,World
원숭이두창 이스라엘 추가 의심 사례오스트리아 첫 감염 보고,World
코로나로 너무 쉬었나왕실근위대 여왕 생일행사 준비 죽을맛,World
역사 쓴 손흥민 중국도 들썩 바이두웨이보 인기검색어,World
순망치한 폴란드우크라이나 국경 문턱 낮춘다,World
우크라전 일동부 돈바스 격전 러군 세베로도네츠크 집중 공략종합,World
우크라 멀어진  신속 가입특혜 안 돼,World
관영지  군사훈련 확대 한반도 위기만 심화시킬 것,World
영상 우크라 동부 돈바스서 격전기갑부대보급로 차단 공방,World
중국 미국이 아시아에 주목하는 사이 남미 공략,World
미 키이우 대사관 방어위해 특수부대 파견 검토 중,World
 에서 대만을 왜 뺐지,World
미일 정상회담 곧 시작중국 견제한일 관계 등 논의,World
속보 러 키이우 서쪽 지역에 또 미사일 발사최소 명 사망,World
러 평화협상 재개 준비돼 있다 우크라 영토 회복해야 선긋기,World
돈바스서 하루 명 전사할 수도계엄령 연장 젤렌스키 전황 첫 언급,World
제재 난기류 만난 러 항공 아에로플로트로컬 항공사 전락,World
이번엔 원숭이두창영국 등 개국 감염자 나와,World
테라 투자한 우크라 투자자 망연자실전 재산 거의 다 잃어,World
뉴욕시 분유 대란 비상령미군 분유 공수 이례적 특수작전,World
우크라 벨라루스 국경 지역 방어 강화잠재적 공격 대비,World
인플레이션에 경기후퇴 우려까지바이든 산 넘어 산,World
 증시 바닥 멀었다  올해 천까지 하락,World
홍콩 언론 시진핑 마오 이후 처음으로 영수 칭호 얻게 될 것,World
 한미 정상회담 보도에 차분대만해협 언급엔 대가 치를것,World
석유시장서 코너 몰린 러나홀로 편드는 사우디,World
전쟁 리스크에 테라 샀는데우크라 투자자의 눈물,World
분 거리에 살던 약혼녀 러시아 침공으로 길 끊겨  돌아 재회,World
시진핑 이을 차세대 지도자는년대생 주목,World
코로나로 년간 말 안 타서군인들 여왕 생일행사 준비 진땀,World
공산당 지도부서 년대생 부상중앙위 약  전망도,World
폴란드 대통령 우크라 의회 연설영토 도 러에 줘선 안돼,World
북미유럽중동 덮친 원숭이두창이렇게 감염된다글로벌체크,World
속보 격리 지옥 또벨기에 원숭이두창 환자 주 격리 시작,World
 외교수장 우크라 지원으로 무기 고갈이번에 군비 늘려야,World
미국 전기차 구매유지비용 휘발유차보다 저렴,World
러 평화협상 재개 준비우크라 영토 회복해야 선긋기,World
반일메뉴 없어 상식적언론 한미정상 만찬에 관심,World
적군을 아군으로버려진 러시아 군견 우크라서 활약,World
지구촌 날씨 미국 중서부 눈보라에 토네이도까지,World
 전 국방장관 러시아 핵무기 사용 안할 것 이유는,World
가격 뛰고 수요 줄고중국에서도 러시아 원유 수입 기피현상,World
일본도 극찬 안할수가 없네득점왕 손흥민 아시아 넘버원,World
숄츠총리 아프리카 순방세네갈 도착 가스개발등 논의,World
폴란드 대통령 우크라 방문에도러 폭격 또 폭격,World
원숭이두창 이스라엘 추가 의심 사례오스트리아 첫 감염 보고,World
전쟁 리스크에 테라 샀는데 우크라 투자자 망연자실,World
시신들이 여기저기 러 점령 마리우폴 이번엔 전염병 우려,World
 주우크라 미 대사관 보안 위해 군 특수부대 파견 검토,World
돈바스에서 격전러 주민 투표로 돈바스 귀속 결정,World
푸틴 때문에 금겹살 된 삼겹살 뉴스큐레이터,World
우크라 침공 러 점령 마리우폴 이번엔 전염병 우려,World
호주 년만에 중도좌파 집권반중 정책 변화 맞나,World
파산한  채굴업체 경매 넘어갔는데배 낙찰 반전,World
 제로 코로나에 당황한 애플 인도동남아로 생산기지 이전 가속,World
터키 외교부 터키 주재  대사 초치시위 진압 방식 근거 없는 주장 항의,World
여기는 중국 봉쇄된 상하이 주민 쓰레기통 뒤져 먹거리 찾기도,World
년여만의 최고 물가상승률에도 디플레 걱정하는 일본왜,World
 한국 대만 문제 선 넘지마 경고도발시 대항할 수단 많다,World
여기는 중국 상하이 문 열리자마자 하루 평균 만명 탈출 러쉬,World
돈바스에서 격전러 주민 투표로 돈바스 귀속 결정,World
미 키이우 대사관 지키려 특수부대 파견 검토 중,World
사우디 에너지장관  통해 러시아와 산유량 협의 지속,World
언론 독도새우 없는  만찬 상식적반일 메뉴 사라져 평가,World
